Assembly Name	Assembly Accession	Assembly Paired Assembly Accession	Organism Name	Organism Taxonomic ID	Organism Infraspecific Names Breed	Organism Infraspecific Names Strain	Organism Infraspecific Names Cultivar	Organism Infraspecific Names Ecotype	Organism Infraspecific Names Isolate	Organism Infraspecific Names Sex	Annotation Name	Assembly Level	Assembly Release Date	WGS project accession	Assembly Stats Number of Scaffolds	Type Material Display Text
ASM2599845v1	GCF_025998455.1	GCA_025998455.1	Helicobacter pylori	210		CHC155					GCF_025998455.1-RS_2025_12_09	Complete Genome	2022-10-20		1	assembly from type material
ASM305066v1	GCF_003050665.1	GCA_003050665.1	Helicobacter pylori	210		FDAARGOS_298					GCF_003050665.1-RS_2025_07_16	Complete Genome	2018-04-13		1	assembly from type material
HPATCC43504_01	GCF_004295525.1	GCA_004295525.1	Helicobacter pylori	210		ATCC 43504					GCF_004295525.1-RS_2025_04_16	Complete Genome	2019-01-17		1	assembly from type material
35377_D02	GCF_900478295.1	GCA_900478295.1	Helicobacter pylori NCTC 11637 = CCUG 17874 = ATCC 43504 = JCM 12093	102618		NCTC 11637					GCF_900478295.1-RS_2026_02_12	Complete Genome	2018-06-18		1	assembly from type material
ASM1674855v1	GCF_016748555.1	GCA_016748555.1	Helicobacter pylori	210		LIM-010					GCF_016748555.1-RS_2025_04_21	Complete Genome	2021-01-25		1	
ASM1674902v1	GCF_016749025.1	GCA_016749025.1	Helicobacter pylori	210		LIM-006					GCF_016749025.1-RS_2025_04_21	Complete Genome	2021-01-25		1	
ASM784391v1	GCF_007843915.1	GCA_007843915.1	Helicobacter pylori	210		B140					GCF_007843915.1-RS_2025_04_21	Complete Genome	2019-08-05		1	
ASM633740v1	GCF_006337405.1	GCA_006337405.1	Helicobacter pylori	210		19-C-EK1					GCF_006337405.1-RS_2025_04_21	Complete Genome	2019-06-13		1	
ASM633841v1	GCF_006338415.1	GCA_006338415.1	Helicobacter pylori	210		19-A-EK3					GCF_006338415.1-RS_2025_04_21	Complete Genome	2019-06-13		1	
ASM1674817v1	GCF_016748175.1	GCA_016748175.1	Helicobacter pylori	210		ASHA-003					GCF_016748175.1-RS_2025_04_21	Complete Genome	2021-01-25		1	
ASM1674945v1	GCF_016749455.1	GCA_016749455.1	Helicobacter pylori	210		PUNO-010					GCF_016749455.1-RS_2025_04_07	Complete Genome	2021-01-25		1	
ASM633748v1	GCF_006337485.1	GCA_006337485.1	Helicobacter pylori	210		173-A-EK1					GCF_006337485.1-RS_2025_04_16	Complete Genome	2019-06-13		1	
ASM1782159v1	GCF_017821595.1	GCA_017821595.1	Helicobacter pylori	210		MT5114					GCF_017821595.1-RS_2025_04_08	Complete Genome	2021-04-07		1	
ASM2172960v1	GCF_021729605.1	GCA_021729605.1	Helicobacter pylori	210		Hk711					GCF_021729605.1-RS_2025_03_15	Complete Genome	2022-01-31		1	
ASM1782135v1	GCF_017821355.1	GCA_017821355.1	Helicobacter pylori	210		MT5125					GCF_017821355.1-RS_2025_05_28	Complete Genome	2021-04-07		3	
ASM2118414v1	GCF_021184145.1	GCA_021184145.1	Helicobacter pylori	210		J99 derivative			D1		GCF_021184145.1-RS_2026_01_17	Complete Genome	2021-12-15		1	
HE93_10	GCF_900176185.1	GCA_900176185.1	Helicobacter pylori	210					HE93/10_v1		GCF_900176185.1-RS_2026_02_11	Complete Genome	2017-07-07		1	
ASM5539527v1	GCF_055395275.1	GCA_055395275.1	Helicobacter pylori	210		JCM 12095					GCF_055395275.1-RS_2026_02_24	Complete Genome	2026-02-25		1	
ASM633804v1	GCF_006338045.1	GCA_006338045.1	Helicobacter pylori	210		23-A-EK1					GCF_006338045.1-RS_2025_04_05	Complete Genome	2019-06-13		1	
ASM363685v2	GCF_003636855.2	GCA_003636855.2	Helicobacter pylori	210		HP14039					GCF_003636855.2-RS_2025_04_08	Complete Genome	2019-02-04		1	
ASM783685v1	GCF_007836855.1	GCA_007836855.1	Helicobacter pylori	210		7.13					GCF_007836855.1-RS_2025_04_09	Complete Genome	2019-08-05		1	
ASM1675759v1	GCF_016757595.1	GCA_016757595.1	Helicobacter pylori	210		SHIM-010					GCF_016757595.1-RS_2025_04_06	Complete Genome	2021-01-27		1	
ASM779493v1	GCF_007794935.1	GCA_007794935.1	Helicobacter pylori	210		B128 7.13					GCF_007794935.1-RS_2025_04_21	Complete Genome	2019-08-01		2	
ASM1675573v1	GCF_016755735.1	GCA_016755735.1	Helicobacter pylori	210		SHIM-002					GCF_016755735.1-RS_2025_04_07	Complete Genome	2021-01-25		1	
ASM295263v1	GCF_002952635.1	GCA_002952635.1	Helicobacter pylori	210		7.13_R2b					GCF_002952635.1-RS_2026_02_05	Complete Genome	2018-02-26		1	
ASM295261v1	GCF_002952615.1	GCA_002952615.1	Helicobacter pylori	210		7.13_R3a					GCF_002952615.1-RS_2026_02_05	Complete Genome	2018-02-26		1	
ASM295253v1	GCF_002952535.1	GCA_002952535.1	Helicobacter pylori	210		7.13_R3b					GCF_002952535.1-RS_2026_02_05	Complete Genome	2018-02-26		1	
ASM295251v1	GCF_002952515.1	GCA_002952515.1	Helicobacter pylori	210		7.13_R3c					GCF_002952515.1-RS_2026_02_05	Complete Genome	2018-02-26		1	
ASM295267v1	GCF_002952675.1	GCA_002952675.1	Helicobacter pylori	210		7.13_R1a					GCF_002952675.1-RS_2026_02_05	Complete Genome	2018-02-26		1	
ASM295245v1	GCF_002952455.1	GCA_002952455.1	Helicobacter pylori	210		7.13_D3a					GCF_002952455.1-RS_2026_02_05	Complete Genome	2018-02-26		1	
ASM295247v1	GCF_002952475.1	GCA_002952475.1	Helicobacter pylori	210		7.13_D3b					GCF_002952475.1-RS_2025_12_21	Complete Genome	2018-02-26		1	
ASM295249v1	GCF_002952495.1	GCA_002952495.1	Helicobacter pylori	210					7.13_D3c		GCF_002952495.1-RS_2026_02_05	Complete Genome	2018-02-26		1	
ASM295265v1	GCF_002952655.1	GCA_002952655.1	Helicobacter pylori	210		7.13_R1b					GCF_002952655.1-RS_2026_02_05	Complete Genome	2018-02-26		1	
ASM295255v1	GCF_002952555.1	GCA_002952555.1	Helicobacter pylori	210		7.13_R2c					GCF_002952555.1-RS_2026_02_05	Complete Genome	2018-02-26		1	
ASM295259v1	GCF_002952595.1	GCA_002952595.1	Helicobacter pylori	210		7.13_R1c					GCF_002952595.1-RS_2026_02_05	Complete Genome	2018-02-26		1	
ASM295197v1	GCF_002951975.1	GCA_002951975.1	Helicobacter pylori	210		B128_1					GCF_002951975.1-RS_2026_01_25	Complete Genome	2018-02-26		1	
ASM295257v1	GCF_002952575.1	GCA_002952575.1	Helicobacter pylori	210		7.13_R2a					GCF_002952575.1-RS_2026_02_05	Complete Genome	2018-02-26		1	
ASM290649v1	GCF_002906495.1	GCA_002906495.1	Helicobacter pylori	210		dRdM1					GCF_002906495.1-RS_2026_01_16	Complete Genome	2018-01-30		1	
HE141_09	GCF_900120205.1	GCA_900120205.1	Helicobacter pylori	210					HE141/09		GCF_900120205.1-RS_2026_02_11	Complete Genome	2017-07-07		1	
HE170_09	GCF_900120315.1	GCA_900120315.1	Helicobacter pylori	210					HE170/09		GCF_900120315.1-RS_2026_02_11	Complete Genome	2017-07-07		1	
ASM295355v1	GCF_002953555.1	GCA_002953555.1	Helicobacter pylori	210		dRdM2addM2					GCF_002953555.1-RS_2026_01_16	Complete Genome	2018-02-06		1	
ASM1782147v1	GCF_017821475.1	GCA_017821475.1	Helicobacter pylori	210		MT5111					GCF_017821475.1-RS_2025_04_08	Complete Genome	2021-04-07		1	
HE132_09	GCF_900120135.1	GCA_900120135.1	Helicobacter pylori	210					HE132/09		GCF_900120135.1-RS_2026_02_11	Complete Genome	2017-07-07		1	
ASM1997405v1	GCF_019974055.1	GCA_019974055.1	Helicobacter pylori	210		#8					GCF_019974055.1-RS_2026_01_03	Complete Genome	2021-08-03		1	
HE136_09	GCF_900120225.1	GCA_900120225.1	Helicobacter pylori	210					HE136/09		GCF_900120225.1-RS_2026_02_11	Complete Genome	2017-07-07		1	
ASM1674879v1	GCF_016748795.1	GCA_016748795.1	Helicobacter pylori	210		LIM-008					GCF_016748795.1-RS_2025_04_04	Complete Genome	2021-01-25		1	
HE142_09	GCF_900120275.1	GCA_900120275.1	Helicobacter pylori	210					HE142/09		GCF_900120275.1-RS_2026_02_11	Complete Genome	2017-07-07		1	
ASM1782127v1	GCF_017821275.1	GCA_017821275.1	Helicobacter pylori	210		MT5105					GCF_017821275.1-RS_2025_05_28	Complete Genome	2021-04-07		1	
HE178_09	GCF_900120055.1	GCA_900120055.1	Helicobacter pylori	210					HE178/09		GCF_900120055.1-RS_2026_02_11	Complete Genome	2017-07-07		1	
BCM-300	GCF_900149805.1	GCA_900149805.1	Helicobacter pylori	210					BCM-300		GCF_900149805.1-RS_2026_02_11	Complete Genome	2017-07-07		1	
HE134_09	GCF_900120185.1	GCA_900120185.1	Helicobacter pylori	210					HE134/09		GCF_900120185.1-RS_2026_02_11	Complete Genome	2017-07-07		1	
HE101_09	GCF_900120255.1	GCA_900120255.1	Helicobacter pylori	210					HE101/09		GCF_900120255.1-RS_2026_02_11	Complete Genome	2017-07-07		1	
HE147_09	GCF_900120335.1	GCA_900120335.1	Helicobacter pylori	210					HE147/09		GCF_900120335.1-RS_2026_02_11	Complete Genome	2017-07-07		1	
HE171_09	GCF_900119955.1	GCA_900119955.1	Helicobacter pylori	210					HE171/09		GCF_900119955.1-RS_2026_02_11	Complete Genome	2017-07-07		1	
ASM82702v1	GCF_000827025.1	GCA_000827025.1	Helicobacter pylori	210		26695-1MET					GCF_000827025.1-RS_2026_01_24	Complete Genome	2015-01-21		1	
ASM290655v1	GCF_002906555.1	GCA_002906555.1	Helicobacter pylori	210		26695-dRdM2					GCF_002906555.1-RS_2026_01_16	Complete Genome	2018-01-30		1	
ASM290653v1	GCF_002906535.1	GCA_002906535.1	Helicobacter pylori	210		26695-dR					GCF_002906535.1-RS_2026_01_16	Complete Genome	2018-01-30		1	
ASM2292169v1	GCF_022921695.1	GCA_022921695.1	Helicobacter pylori	210		Hpfe110					GCF_022921695.1-RS_2025_04_28	Complete Genome	2022-04-12		1	
ASM1312211v1	GCF_013122115.1	GCA_013122115.1	Helicobacter pylori	210		HPY					GCF_013122115.1-RS_2025_07_16	Complete Genome	2020-05-19		2	
ASM1312205v1	GCF_013122055.1	GCA_013122055.1	Helicobacter pylori	210		HP1352					GCF_013122055.1-RS_2025_07_16	Complete Genome	2020-05-19		2	
ASM784403v1	GCF_007844035.1	GCA_007844035.1	Helicobacter pylori	210		B136A					GCF_007844035.1-RS_2025_04_21	Complete Genome	2019-08-05		1	
ASM3032338v1	GCF_030323385.1	GCA_030323385.1	Helicobacter pylori	210		BS31					GCF_030323385.1-RS_2025_06_22	Complete Genome	2023-06-22		1	
ASM1312203v1	GCF_013122035.1	GCA_013122035.1	Helicobacter pylori	210		HP9192					GCF_013122035.1-RS_2025_07_16	Complete Genome	2020-05-19		2	
ASM1782163v1	GCF_017821635.1	GCA_017821635.1	Helicobacter pylori	210		MT5124					GCF_017821635.1-RS_2025_05_28	Complete Genome	2021-04-07		1	
ASM1782165v1	GCF_017821655.1	GCA_017821655.1	Helicobacter pylori	210		MT5136					GCF_017821655.1-RS_2025_04_04	Complete Genome	2021-04-07		1	
ASM165341v1	GCF_001653415.1	GCA_001653415.1	Helicobacter pylori	210		CC33C					GCF_001653415.1-RS_2026_01_27	Complete Genome	2016-05-27		1	
ASM633787v1	GCF_006337875.1	GCA_006337875.1	Helicobacter pylori	210		24-A-EK1					GCF_006337875.1-RS_2025_04_04	Complete Genome	2019-06-13		1	
ASM68570v1	GCF_000685705.1	GCA_000685705.1	Helicobacter pylori	210		BM012B					GCF_000685705.1-RS_2026_01_27	Complete Genome	2014-05-08		1	
ASM2172950v1	GCF_021729505.1	GCA_021729505.1	Helicobacter pylori	210		UBN18					GCF_021729505.1-RS_2025_03_15	Complete Genome	2022-01-31		1	
ASM1091767v1	GCF_010917675.1	GCA_010917675.1	Helicobacter pylori	210		GCT 97					GCF_010917675.1-RS_2025_04_16	Complete Genome	2020-02-21		1	
ASM3040658v1	GCF_030406585.1	GCA_030406585.1	Helicobacter pylori	210		HP45k					GCF_030406585.1-RS_2025_07_06	Complete Genome	2023-07-05		1	
ASM1675755v1	GCF_016757555.1	GCA_016757555.1	Helicobacter pylori	210		PUNO-006					GCF_016757555.1-RS_2025_04_07	Complete Genome	2021-01-27		1	
ASM1674971v1	GCF_016749715.1	GCA_016749715.1	Helicobacter pylori	210		PUNO-008					GCF_016749715.1-RS_2025_04_21	Complete Genome	2021-01-25		1	
ASM2073580v1	GCF_020735805.1	GCA_020735805.1	Helicobacter pylori	210		FDAARGOS_1563					GCF_020735805.1-RS_2025_12_20	Complete Genome	2021-11-03		2	
ASM2292521v1	GCF_022925215.1	GCA_022925215.1	Helicobacter pylori	210		Hpfe019					GCF_022925215.1-RS_2025_04_28	Complete Genome	2022-04-12		2	
ASM2292303v1	GCF_022923035.1	GCA_022923035.1	Helicobacter pylori	210		Hpfe075					GCF_022923035.1-RS_2025_04_28	Complete Genome	2022-04-12		1	
ASM3032356v1	GCF_030323565.1	GCA_030323565.1	Helicobacter pylori	210		BS27-2					GCF_030323565.1-RS_2025_06_22	Complete Genome	2023-06-22		1	
ASM3032348v1	GCF_030323485.1	GCA_030323485.1	Helicobacter pylori	210		BS27-1					GCF_030323485.1-RS_2025_06_22	Complete Genome	2023-06-22		1	
ASM1674892v1	GCF_016748925.1	GCA_016748925.1	Helicobacter pylori	210		LIM-007					GCF_016748925.1-RS_2025_04_21	Complete Genome	2021-01-25		1	
ASM2292594v1	GCF_022925945.1	GCA_022925945.1	Helicobacter pylori	210		Hpfe0001					GCF_022925945.1-RS_2025_04_28	Complete Genome	2022-04-12		1	
ASM633728v1	GCF_006337285.1	GCA_006337285.1	Helicobacter pylori	210		476-A2-EK2					GCF_006337285.1-RS_2025_04_16	Complete Genome	2019-06-13		1	
ASM784371v1	GCF_007843715.1	GCA_007843715.1	Helicobacter pylori	210		J182					GCF_007843715.1-RS_2025_04_16	Complete Genome	2019-08-05		1	
ASM784405v1	GCF_007844055.1	GCA_007844055.1	Helicobacter pylori	210		B130A					GCF_007844055.1-RS_2025_04_16	Complete Genome	2019-08-05		1	
ASM5113178v1	GCF_051131785.1	GCA_051131785.1	Helicobacter pylori	210		VN0344					GCF_051131785.1-RS_2025_06_29	Complete Genome	2025-06-29		1	
ASM393908v1	GCF_003939085.1	GCA_003939085.1	Helicobacter pylori	210		HP42K					GCF_003939085.1-RS_2025_04_21	Complete Genome	2018-12-12		3	
ASM298370v1	GCF_002983705.1	GCA_002983705.1	Helicobacter pylori	210		FDAARGOS_300					GCF_002983705.1-RS_2025_12_12	Complete Genome	2018-03-09		1	
ASM2292377v1	GCF_022923775.1	GCA_022923775.1	Helicobacter pylori	210		Hpfe056					GCF_022923775.1-RS_2025_04_28	Complete Genome	2022-04-12		2	
57685_G01	GCF_900638475.1	GCA_900638475.1	Helicobacter pylori	210		NCTC13345					GCF_900638475.1-RS_2025_08_25	Complete Genome	2018-12-20		1	
ASM1675567v1	GCF_016755675.1	GCA_016755675.1	Helicobacter pylori	210		PUNO-001					GCF_016755675.1-RS_2025_04_05	Complete Genome	2021-01-25		1	
ASM2292157v1	GCF_022921575.1	GCA_022921575.1	Helicobacter pylori	210		Hpfe112					GCF_022921575.1-RS_2025_04_28	Complete Genome	2022-04-12		1	
ASM783673v1	GCF_007836735.1	GCA_007836735.1	Helicobacter pylori	210		B125A					GCF_007836735.1-RS_2025_04_04	Complete Genome	2019-08-05		1	
ASM1091715v1	GCF_010917155.1	GCA_010917155.1	Helicobacter pylori	210		GCT 27					GCF_010917155.1-RS_2025_04_09	Complete Genome	2020-02-21		1	
ASM633774v1	GCF_006337745.1	GCA_006337745.1	Helicobacter pylori	210		26-A-EK1					GCF_006337745.1-RS_2025_04_16	Complete Genome	2019-06-13		1	
ASM2292191v1	GCF_022921915.1	GCA_022921915.1	Helicobacter pylori	210		Hpfe099					GCF_022921915.1-RS_2025_04_28	Complete Genome	2022-04-12		2	
ASM1091755v1	GCF_010917555.1	GCA_010917555.1	Helicobacter pylori	210		GCT 43					GCF_010917555.1-RS_2025_04_17	Complete Genome	2020-02-21		1	
ASM3006260v1	GCF_030062605.1	GCA_030062605.1	Helicobacter pylori	210		MTT03					GCF_030062605.1-RS_2024_05_22	Complete Genome	2023-05-22		1	
ASM2292193v1	GCF_022921935.1	GCA_022921935.1	Helicobacter pylori	210		Hpfe097					GCF_022921935.1-RS_2025_04_28	Complete Genome	2022-04-12		1	
ASM1674808v1	GCF_016748085.1	GCA_016748085.1	Helicobacter pylori	210		ASHA-002					GCF_016748085.1-RS_2025_04_08	Complete Genome	2021-01-25		1	
ASM2172952v1	GCF_021729525.1	GCA_021729525.1	Helicobacter pylori	210		NP05-124					GCF_021729525.1-RS_2025_03_15	Complete Genome	2022-01-31		1	
ASM2172972v1	GCF_021729725.1	GCA_021729725.1	Helicobacter pylori	210		AL04					GCF_021729725.1-RS_2025_03_15	Complete Genome	2022-01-31		1	
ASM1674921v1	GCF_016749215.1	GCA_016749215.1	Helicobacter pylori	210		LIM-003					GCF_016749215.1-RS_2025_04_05	Complete Genome	2021-01-25		1	
ASM1674933v1	GCF_016749335.1	GCA_016749335.1	Helicobacter pylori	210		LIM-001					GCF_016749335.1-RS_2025_04_04	Complete Genome	2021-01-25		1	
ASM633894v1	GCF_006338945.1	GCA_006338945.1	Helicobacter pylori	210		479-C-EK2					GCF_006338945.1-RS_2025_08_26	Complete Genome	2019-06-13		1	
ASM633868v1	GCF_006338685.1	GCA_006338685.1	Helicobacter pylori	210		479-C2-EK2					GCF_006338685.1-RS_2025_04_04	Complete Genome	2019-06-13		1	
ASM2090658v1	GCF_020906585.1	GCA_020906585.1	Helicobacter pylori	210		3192					GCF_020906585.1-RS_2025_01_21	Complete Genome	2021-11-21		1	
ASM395739v1	GCF_003957395.1	GCA_003957395.1	Helicobacter pylori	210		H-137					GCF_003957395.1-RS_2025_04_16	Complete Genome	2018-12-20		1	
ASM2292131v1	GCF_022921315.1	GCA_022921315.1	Helicobacter pylori	210		Hpfe118					GCF_022921315.1-RS_2025_04_28	Complete Genome	2022-04-12		1	
ASM633726v1	GCF_006337265.1	GCA_006337265.1	Helicobacter pylori	210		479-A2-EK4					GCF_006337265.1-RS_2025_04_05	Complete Genome	2019-06-13		1	
ASM2073552v1	GCF_020735525.1	GCA_020735525.1	Helicobacter pylori	210		FDAARGOS_1601					GCF_020735525.1-RS_2025_08_18	Complete Genome	2021-11-03		2	
ASM4504054v1	GCF_045040545.1	GCA_045040545.1	Helicobacter pylori	210		CCUG 17875					GCF_045040545.1-RS_2024_11_20	Complete Genome	2024-11-23		2	
ASM1675575v1	GCF_016755755.1	GCA_016755755.1	Helicobacter pylori	210		ASHA-010					GCF_016755755.1-RS_2025_04_04	Complete Genome	2021-01-25		1	
ASM633742v1	GCF_006337425.1	GCA_006337425.1	Helicobacter pylori	210		476-A-EK5					GCF_006337425.1-RS_2025_04_16	Complete Genome	2019-06-13		1	
ASM3032344v1	GCF_030323445.1	GCA_030323445.1	Helicobacter pylori	210		BS22					GCF_030323445.1-RS_2025_06_22	Complete Genome	2023-06-22		1	
57728_F01	GCF_900638505.1	GCA_900638505.1	Helicobacter pylori	210		NCTC12823					GCF_900638505.1-RS_2025_08_25	Complete Genome	2018-12-20		1	
ASM784353v1	GCF_007843535.1	GCA_007843535.1	Helicobacter pylori	210		B147					GCF_007843535.1-RS_2025_04_21	Complete Genome	2019-08-05		1	
ASM1674841v1	GCF_016748415.1	GCA_016748415.1	Helicobacter pylori	210		ASHA-005					GCF_016748415.1-RS_2025_04_21	Complete Genome	2021-01-25		1	
ASM1675563v1	GCF_016755635.1	GCA_016755635.1	Helicobacter pylori	210		PUNO-003					GCF_016755635.1-RS_2025_04_03	Complete Genome	2021-01-25		1	
ASM1997399v1	GCF_019973995.1	GCA_019973995.1	Helicobacter pylori	210		#6					GCF_019973995.1-RS_2026_01_01	Complete Genome	2021-08-03		1	
ASM2292241v1	GCF_022922415.1	GCA_022922415.1	Helicobacter pylori	210		Hpfe084					GCF_022922415.1-RS_2025_04_28	Complete Genome	2022-04-12		1	
ASM1674957v1	GCF_016749575.1	GCA_016749575.1	Helicobacter pylori	210		PUNO-009					GCF_016749575.1-RS_2025_04_03	Complete Genome	2021-01-25		1	
ASM633906v1	GCF_006339065.1	GCA_006339065.1	Helicobacter pylori	210		478-A-EK1					GCF_006339065.1-RS_2025_08_26	Complete Genome	2019-06-13		1	
ASM1674981v1	GCF_016749815.1	GCA_016749815.1	Helicobacter pylori	210		PUNO-007					GCF_016749815.1-RS_2025_04_04	Complete Genome	2021-01-25		1	
ASM1782123v1	GCF_017821235.1	GCA_017821235.1	Helicobacter pylori	210		MT5118					GCF_017821235.1-RS_2025_05_28	Complete Genome	2021-04-07		2	
ASM2292577v1	GCF_022925775.1	GCA_022925775.1	Helicobacter pylori	210		Hpfe0012					GCF_022925775.1-RS_2025_04_28	Complete Genome	2022-04-12		1	
ASM1675579v1	GCF_016755795.1	GCA_016755795.1	Helicobacter pylori	210		ASHA-008					GCF_016755795.1-RS_2025_04_05	Complete Genome	2021-01-25		1	
ASM2292443v1	GCF_022924435.1	GCA_022924435.1	Helicobacter pylori	210		Hpfe039					GCF_022924435.1-RS_2025_04_28	Complete Genome	2022-04-12		1	
ASM2292455v1	GCF_022924555.1	GCA_022924555.1	Helicobacter pylori	210		Hpfe032					GCF_022924555.1-RS_2025_04_28	Complete Genome	2022-04-12		1	
ASM2292203v1	GCF_022922035.1	GCA_022922035.1	Helicobacter pylori	210		Hpfe089					GCF_022922035.1-RS_2025_04_28	Complete Genome	2022-04-12		1	
ASM2316964v1	GCF_023169645.1	GCA_023169645.1	Helicobacter pylori	210		JSHR3					GCF_023169645.1-RS_2025_05_14	Complete Genome	2022-04-08		1	
ASM143351v1	GCF_001433515.1	GCA_001433515.1	Helicobacter pylori	210		7C					GCF_001433515.1-RS_2026_03_03	Complete Genome	2015-11-05		2	
Unicycler	GCF_041877105.1	GCA_041877105.1	Helicobacter pylori	210		BS08					GCF_041877105.1-RS_2024_09_10	Complete Genome	2024-09-11		2	
ASM1782161v1	GCF_017821615.1	GCA_017821615.1	Helicobacter pylori	210		MT5119					GCF_017821615.1-RS_2025_05_28	Complete Genome	2021-04-07		1	
ASM2292295v1	GCF_022922955.1	GCA_022922955.1	Helicobacter pylori	210		Hpfe079					GCF_022922955.1-RS_2025_04_28	Complete Genome	2022-04-12		1	
ASM2292579v1	GCF_022925795.1	GCA_022925795.1	Helicobacter pylori	210		Hpfe0011					GCF_022925795.1-RS_2025_04_28	Complete Genome	2022-04-12		2	
ASM2866205v1	GCF_028662055.1	GCA_028662055.1	Helicobacter pylori	210		444A6					GCF_028662055.1-RS_2025_03_26	Complete Genome	2023-02-17		2	
ASM2292177v1	GCF_022921775.1	GCA_022921775.1	Helicobacter pylori	210		Hpfe107					GCF_022921775.1-RS_2025_04_28	Complete Genome	2022-04-12		1	
ASM3032340v1	GCF_030323405.1	GCA_030323405.1	Helicobacter pylori	210		BS07					GCF_030323405.1-RS_2025_06_22	Complete Genome	2023-06-22		1	
ASM2292201v1	GCF_022922015.1	GCA_022922015.1	Helicobacter pylori	210		Hpfe092					GCF_022922015.1-RS_2025_04_28	Complete Genome	2022-04-12		2	
ASM2292119v1	GCF_022921195.1	GCA_022921195.1	Helicobacter pylori	210		Hpfe126					GCF_022921195.1-RS_2025_04_28	Complete Genome	2022-04-12		2	
ASM1674908v1	GCF_016749085.1	GCA_016749085.1	Helicobacter pylori	210		LIM-005					GCF_016749085.1-RS_2025_04_07	Complete Genome	2021-01-25		1	
ASM633854v1	GCF_006338545.1	GCA_006338545.1	Helicobacter pylori	210		13-A-EK8					GCF_006338545.1-RS_2025_04_08	Complete Genome	2019-06-13		1	
ASM2172968v1	GCF_021729685.1	GCA_021729685.1	Helicobacter pylori	210		BT302					GCF_021729685.1-RS_2025_03_15	Complete Genome	2022-01-31		1	
ASM2292133v1	GCF_022921335.1	GCA_022921335.1	Helicobacter pylori	210		Hpfe115					GCF_022921335.1-RS_2025_04_28	Complete Genome	2022-04-12		1	
ASM2292311v1	GCF_022923115.1	GCA_022923115.1	Helicobacter pylori	210		Hpfe071					GCF_022923115.1-RS_2025_04_28	Complete Genome	2022-04-12		1	
ASM1674867v1	GCF_016748675.1	GCA_016748675.1	Helicobacter pylori	210		LIM-009					GCF_016748675.1-RS_2025_04_08	Complete Genome	2021-01-25		1	
ASM165337v1	GCF_001653375.1	GCA_001653375.1	Helicobacter pylori	210		L7					GCF_001653375.1-RS_2026_01_27	Complete Genome	2016-05-27		1	
ASM2292517v1	GCF_022925175.1	GCA_022925175.1	Helicobacter pylori	210		Hpfe022					GCF_022925175.1-RS_2025_04_28	Complete Genome	2022-04-12		1	
ASM3032350v1	GCF_030323505.1	GCA_030323505.1	Helicobacter pylori	210		BS28-1					GCF_030323505.1-RS_2025_06_22	Complete Genome	2023-06-22		1	
ASM2201463v1	GCF_022014635.1	GCA_022014635.1	Helicobacter pylori	210		K115					GCF_022014635.1-RS_2026_02_05	Complete Genome	2022-02-06		1	
ASM2292417v1	GCF_022924175.1	GCA_022924175.1	Helicobacter pylori	210		Hpfe053					GCF_022924175.1-RS_2025_04_28	Complete Genome	2022-04-12		1	
ASM1675581v1	GCF_016755815.1	GCA_016755815.1	Helicobacter pylori	210		ASHA-006					GCF_016755815.1-RS_2025_04_04	Complete Genome	2021-01-25		1	
ASM1674799v1	GCF_016747995.1	GCA_016747995.1	Helicobacter pylori	210		ASHA-001					GCF_016747995.1-RS_2025_04_04	Complete Genome	2021-01-25		1	
ASM2292435v1	GCF_022924355.1	GCA_022924355.1	Helicobacter pylori	210		Hpfe051					GCF_022924355.1-RS_2025_04_28	Complete Genome	2022-04-12		1	
ASM1675753v1	GCF_016757535.1	GCA_016757535.1	Helicobacter pylori	210		LIM-002					GCF_016757535.1-RS_2025_04_03	Complete Genome	2021-01-27		1	
ASM2292367v1	GCF_022923675.1	GCA_022923675.1	Helicobacter pylori	210		Hpfe058					GCF_022923675.1-RS_2025_04_28	Complete Genome	2022-04-12		2	
ASM2292355v1	GCF_022923555.1	GCA_022923555.1	Helicobacter pylori	210		Hpfe064					GCF_022923555.1-RS_2025_04_28	Complete Genome	2022-04-12		1	
ASM2292592v1	GCF_022925925.1	GCA_022925925.1	Helicobacter pylori	210		Hpfe0002					GCF_022925925.1-RS_2025_04_28	Complete Genome	2022-04-12		1	
ASM2292529v1	GCF_022925295.1	GCA_022925295.1	Helicobacter pylori	210		Hpfe0021					GCF_022925295.1-RS_2025_04_28	Complete Genome	2022-04-12		2	
ASM1782153v1	GCF_017821535.1	GCA_017821535.1	Helicobacter pylori	210		MT5135					GCF_017821535.1-RS_2025_03_30	Complete Genome	2021-04-07		2	
ASM1674826v1	GCF_016748265.1	GCA_016748265.1	Helicobacter pylori	210		ASHA-004					GCF_016748265.1-RS_2025_04_16	Complete Genome	2021-01-25		1	
ASM2292125v1	GCF_022921255.1	GCA_022921255.1	Helicobacter pylori	210		Hpfe123					GCF_022921255.1-RS_2025_04_28	Complete Genome	2022-04-12		1	
ASM165339v1	GCF_001653395.1	GCA_001653395.1	Helicobacter pylori	210		DU15					GCF_001653395.1-RS_2025_07_16	Complete Genome	2016-05-27		1	
ASM1675561v1	GCF_016755615.1	GCA_016755615.1	Helicobacter pylori	210		PUNO-004					GCF_016755615.1-RS_2025_04_03	Complete Genome	2021-01-25		1	
ASM2292265v1	GCF_022922655.1	GCA_022922655.1	Helicobacter pylori	210		Hpfe082					GCF_022922655.1-RS_2025_04_28	Complete Genome	2022-04-12		2	
ASM2292439v1	GCF_022924395.1	GCA_022924395.1	Helicobacter pylori	210		Hpfe048					GCF_022924395.1-RS_2025_04_28	Complete Genome	2022-04-12		1	
ASM2292361v1	GCF_022923615.1	GCA_022923615.1	Helicobacter pylori	210		Hpfe061					GCF_022923615.1-RS_2025_04_28	Complete Genome	2022-04-12		1	
ASM2292437v1	GCF_022924375.1	GCA_022924375.1	Helicobacter pylori	210		Hpfe049					GCF_022924375.1-RS_2025_04_28	Complete Genome	2022-04-12		1	
ASM1675569v1	GCF_016755695.1	GCA_016755695.1	Helicobacter pylori	210		SHIM-014					GCF_016755695.1-RS_2025_04_04	Complete Genome	2021-01-25		1	
ASM3032352v1	GCF_030323525.1	GCA_030323525.1	Helicobacter pylori	210		BS30					GCF_030323525.1-RS_2025_06_22	Complete Genome	2023-06-22		1	
ASM633734v1	GCF_006337345.1	GCA_006337345.1	Helicobacter pylori	210		169-C-EK8					GCF_006337345.1-RS_2025_04_08	Complete Genome	2019-06-13		1	
ASM1675577v1	GCF_016755775.1	GCA_016755775.1	Helicobacter pylori	210		ASHA-009					GCF_016755775.1-RS_2025_04_09	Complete Genome	2021-01-25		1	
ASM2292309v1	GCF_022923095.1	GCA_022923095.1	Helicobacter pylori	210		Hpfe072					GCF_022923095.1-RS_2025_04_28	Complete Genome	2022-04-12		1	
ASM2316966v1	GCF_023169665.1	GCA_023169665.1	Helicobacter pylori	210		JSHR31					GCF_023169665.1-RS_2025_12_12	Complete Genome	2022-04-08		2	
ASM633762v1	GCF_006337625.1	GCA_006337625.1	Helicobacter pylori	210		169-A-EK5					GCF_006337625.1-RS_2025_04_08	Complete Genome	2019-06-13		1	
ASM2292129v1	GCF_022921295.1	GCA_022921295.1	Helicobacter pylori	210		Hpfe120					GCF_022921295.1-RS_2025_04_28	Complete Genome	2022-04-12		1	
ASM1675757v1	GCF_016757575.1	GCA_016757575.1	Helicobacter pylori	210		SHIM-011					GCF_016757575.1-RS_2025_04_04	Complete Genome	2021-01-27		1	
ASM2292297v1	GCF_022922975.1	GCA_022922975.1	Helicobacter pylori	210		Hpfe078					GCF_022922975.1-RS_2025_04_28	Complete Genome	2022-04-12		1	
ASM633746v1	GCF_006337465.1	GCA_006337465.1	Helicobacter pylori	210		280-A-EK1					GCF_006337465.1-RS_2025_04_17	Complete Genome	2019-06-13		1	
ASM1997387v1	GCF_019973875.1	GCA_019973875.1	Helicobacter pylori	210		#5					GCF_019973875.1-RS_2026_01_01	Complete Genome	2021-08-03		1	
ASM2292499v1	GCF_022924995.1	GCA_022924995.1	Helicobacter pylori	210		Hpfe023					GCF_022924995.1-RS_2025_04_28	Complete Genome	2022-04-12		1	
ASM3032342v1	GCF_030323425.1	GCA_030323425.1	Helicobacter pylori	210		BS21					GCF_030323425.1-RS_2025_06_22	Complete Genome	2023-06-22		1	
ASM2292185v1	GCF_022921855.1	GCA_022921855.1	Helicobacter pylori	210		Hpfe102					GCF_022921855.1-RS_2025_04_28	Complete Genome	2022-04-12		2	
ASM3032354v1	GCF_030323545.1	GCA_030323545.1	Helicobacter pylori	210		BS06					GCF_030323545.1-RS_2025_06_22	Complete Genome	2023-06-22		1	
ASM2292357v1	GCF_022923575.1	GCA_022923575.1	Helicobacter pylori	210		Hpfe063					GCF_022923575.1-RS_2025_04_28	Complete Genome	2022-04-12		2	
ASM832652v1	GCF_008326525.1	GCA_008326525.1	Helicobacter pylori	210		TN2wt					GCF_008326525.1-RS_2026_02_13	Complete Genome	2019-08-22		1	
ASM68566v1	GCF_000685665.1	GCA_000685665.1	Helicobacter pylori	210		BM013A					GCF_000685665.1-RS_2026_01_27	Complete Genome	2014-05-08		1	
ASM68574v1	GCF_000685745.1	GCA_000685745.1	Helicobacter pylori	210		BM013B					GCF_000685745.1-RS_2026_02_02	Complete Genome	2014-05-08		1	
ASM2292199v1	GCF_022921995.1	GCA_022921995.1	Helicobacter pylori	210		Hpfe093					GCF_022921995.1-RS_2025_04_28	Complete Genome	2022-04-12		1	
HP_PMSS1_01	GCF_004295545.1	GCA_004295545.1	Helicobacter pylori	210		PMSS1					GCF_004295545.1-RS_2025_04_05	Complete Genome	2019-01-17		2	
ASM2292305v1	GCF_022923055.1	GCA_022923055.1	Helicobacter pylori	210		Hpfe074					GCF_022923055.1-RS_2025_04_28	Complete Genome	2022-04-12		1	
ASM633881v1	GCF_006338815.1	GCA_006338815.1	Helicobacter pylori	210		476-C-EK5					GCF_006338815.1-RS_2025_04_16	Complete Genome	2019-06-13		1	
ASM5113180v1	GCF_051131805.1	GCA_051131805.1	Helicobacter pylori	210		VN0621					GCF_051131805.1-RS_2025_06_29	Complete Genome	2025-06-29		1	
ASM2984915v1	GCF_029849155.1	GCA_029849155.1	Helicobacter pylori	210		HP34					GCF_029849155.1-RS_2025_04_19	Complete Genome	2023-04-20		1	
ASM633828v1	GCF_006338285.1	GCA_006338285.1	Helicobacter pylori	210		20-A-EK1					GCF_006338285.1-RS_2025_04_16	Complete Genome	2019-06-13		1	
ASM2292197v1	GCF_022921975.1	GCA_022921975.1	Helicobacter pylori	210		Hpfe095					GCF_022921975.1-RS_2025_04_28	Complete Genome	2022-04-12		2	
ASM2292183v1	GCF_022921835.1	GCA_022921835.1	Helicobacter pylori	210		Hpfe103					GCF_022921835.1-RS_2025_04_28	Complete Genome	2022-04-12		2	
ASM633936v1	GCF_006339365.1	GCA_006339365.1	Helicobacter pylori	210		5-A-EK1					GCF_006339365.1-RS_2025_04_11	Complete Genome	2019-06-13		1	
ASM2292447v1	GCF_022924475.1	GCA_022924475.1	Helicobacter pylori	210		Hpfe037					GCF_022924475.1-RS_2025_04_28	Complete Genome	2022-04-12		1	
ASM3166853v1	GCF_031668535.1	GCA_031668535.1	Helicobacter pylori	210		ICDC15003-8-1					GCF_031668535.1-RS_2025_09_22	Complete Genome	2023-09-19		1	
ASM3166777v1	GCF_031667775.1	GCA_031667775.1	Helicobacter pylori	210		ICDC15003-50-2					GCF_031667775.1-RS_2025_09_22	Complete Genome	2023-09-19		1	
ASM3166929v1	GCF_031669295.1	GCA_031669295.1	Helicobacter pylori	210		ICDC15003-50-1					GCF_031669295.1-RS_2025_09_22	Complete Genome	2023-09-19		1	
ASM3167001v1	GCF_031670015.1	GCA_031670015.1	Helicobacter pylori	210		ICDC15003s					GCF_031670015.1-RS_2025_09_22	Complete Genome	2023-09-19		1	
ASM3166693v1	GCF_031666935.1	GCA_031666935.1	Helicobacter pylori	210		ICDC15003-8-2					GCF_031666935.1-RS_2025_09_22	Complete Genome	2023-09-19		1	
ASM2292527v1	GCF_022925275.1	GCA_022925275.1	Helicobacter pylori	210		Hpfe005					GCF_022925275.1-RS_2025_04_28	Complete Genome	2022-04-12		1	
ASM2292487v1	GCF_022924875.1	GCA_022924875.1	Helicobacter pylori	210		Hpfe024					GCF_022924875.1-RS_2025_04_28	Complete Genome	2022-04-12		1	
ASM3032358v1	GCF_030323585.1	GCA_030323585.1	Helicobacter pylori	210		BT112					GCF_030323585.1-RS_2025_06_22	Complete Genome	2023-06-22		1	
ASM2292451v1	GCF_022924515.1	GCA_022924515.1	Helicobacter pylori	210		Hpfe035					GCF_022924515.1-RS_2025_04_28	Complete Genome	2022-04-12		2	
ASM1675571v1	GCF_016755715.1	GCA_016755715.1	Helicobacter pylori	210		SHIM-007					GCF_016755715.1-RS_2025_04_05	Complete Genome	2021-01-25		1	
ASM1967050v1	GCF_019670505.1	GCA_019670505.1	Helicobacter pylori	210		3401					GCF_019670505.1-RS_2026_02_24	Complete Genome	2021-06-03		1	
ASM3006779v1	GCF_030067795.1	GCA_030067795.1	Helicobacter pylori	210		H390r					GCF_030067795.1-RS_2025_05_24	Complete Genome	2023-05-24		1	
ASM2794749v1	GCF_027947495.1	GCA_027947495.1	Helicobacter pylori	210		H390d					GCF_027947495.1-RS_2026_02_24	Complete Genome	2023-01-25		1	
ASM5538816v1	GCF_055388165.1	GCA_055388165.1	Helicobacter pylori	210		3401T					GCF_055388165.1-RS_2026_02_24	Complete Genome	2026-02-25		1	
ASM2292179v1	GCF_022921795.1	GCA_022921795.1	Helicobacter pylori	210		Hpfe106					GCF_022921795.1-RS_2025_04_28	Complete Genome	2022-04-12		2	
ASM3449823v1	GCF_034498235.1	GCA_034498235.1	Helicobacter pylori	210		51N					GCF_034498235.1-RS_2025_09_18	Complete Genome	2023-12-20		1	
ASM633732v1	GCF_006337325.1	GCA_006337325.1	Helicobacter pylori	210		381-C-EK1					GCF_006337325.1-RS_2025_04_16	Complete Genome	2019-06-13		1	
ASM2292217v1	GCF_022922175.1	GCA_022922175.1	Helicobacter pylori	210		Hpfe086					GCF_022922175.1-RS_2025_04_28	Complete Genome	2022-04-12		1	
ASM2292365v1	GCF_022923655.1	GCA_022923655.1	Helicobacter pylori	210		Hpfe059					GCF_022923655.1-RS_2025_04_28	Complete Genome	2022-04-12		1	
ASM5113179v1	GCF_051131795.1	GCA_051131795.1	Helicobacter pylori	210		VN0358					GCF_051131795.1-RS_2025_06_29	Complete Genome	2025-06-29		1	
ASM2292339v1	GCF_022923395.1	GCA_022923395.1	Helicobacter pylori	210		Hpfe066					GCF_022923395.1-RS_2025_04_28	Complete Genome	2022-04-12		1	
ASM1997385v1	GCF_019973855.1	GCA_019973855.1	Helicobacter pylori	210		#3					GCF_019973855.1-RS_2026_01_15	Complete Genome	2021-08-03		1	
ASM633738v1	GCF_006337385.1	GCA_006337385.1	Helicobacter pylori	210		21-F-EK1					GCF_006337385.1-RS_2025_04_09	Complete Genome	2019-06-13		1	
ASM5538793v1	GCF_055387935.1	GCA_055387935.1	Helicobacter pylori	210		HPK5					GCF_055387935.1-RS_2026_02_24	Complete Genome	2026-02-25		1	
ASM2984917v1	GCF_029849175.1	GCA_029849175.1	Helicobacter pylori	210		HP22					GCF_029849175.1-RS_2025_04_19	Complete Genome	2023-04-20		1	
ASM633814v1	GCF_006338145.1	GCA_006338145.1	Helicobacter pylori	210		21-A-EK1					GCF_006338145.1-RS_2025_04_09	Complete Genome	2019-06-13		1	
ASM3562129v1	GCF_035621295.1	GCA_035621295.1	Helicobacter pylori	210		P08205					GCF_035621295.1-RS_2026_01_14	Complete Genome	2024-01-14		1	
ASM2292473v1	GCF_022924735.1	GCA_022924735.1	Helicobacter pylori	210		Hpfe027					GCF_022924735.1-RS_2025_04_28	Complete Genome	2022-04-12		1	
ASM633730v1	GCF_006337305.1	GCA_006337305.1	Helicobacter pylori	210		381-F-EK9					GCF_006337305.1-RS_2025_04_09	Complete Genome	2019-06-13		1	
ASM2292315v1	GCF_022923155.1	GCA_022923155.1	Helicobacter pylori	210		Hpfe069					GCF_022923155.1-RS_2025_04_28	Complete Genome	2022-04-12		2	
ASM2292313v1	GCF_022923135.1	GCA_022923135.1	Helicobacter pylori	210		Hpfe070					GCF_022923135.1-RS_2025_04_28	Complete Genome	2022-04-12		2	
ASM633744v1	GCF_006337445.1	GCA_006337445.1	Helicobacter pylori	210		381-A-EK4					GCF_006337445.1-RS_2025_04_07	Complete Genome	2019-06-13		1	
ASM5538447v1	GCF_055384475.1	GCA_055384475.1	Helicobacter pylori	210		KMT83			1		GCF_055384475.1-RS_2026_02_24	Complete Genome	2026-02-25		2	
ASM3032346v1	GCF_030323465.1	GCA_030323465.1	Helicobacter pylori	210		BS26					GCF_030323465.1-RS_2025_06_22	Complete Genome	2023-06-22		1	
ASM2292369v1	GCF_022923695.1	GCA_022923695.1	Helicobacter pylori	210		Hpfe057					GCF_022923695.1-RS_2025_04_28	Complete Genome	2022-04-12		2	
ASM2292117v1	GCF_022921175.1	GCA_022921175.1	Helicobacter pylori	210		Hpfe127					GCF_022921175.1-RS_2025_04_28	Complete Genome	2022-04-12		1	
ASM2292251v1	GCF_022922515.1	GCA_022922515.1	Helicobacter pylori	210		Hpfe083					GCF_022922515.1-RS_2025_04_28	Complete Genome	2022-04-12		1	
ASM2292541v1	GCF_022925415.1	GCA_022925415.1	Helicobacter pylori	210		Hpfe0020					GCF_022925415.1-RS_2025_04_28	Complete Genome	2022-04-12		1	
ASM2292525v1	GCF_022925255.1	GCA_022925255.1	Helicobacter pylori	210		Hpfe010					GCF_022925255.1-RS_2025_04_28	Complete Genome	2022-04-12		3	
ASM2292445v1	GCF_022924455.1	GCA_022924455.1	Helicobacter pylori	210		Hpfe038					GCF_022924455.1-RS_2025_04_28	Complete Genome	2022-04-12		1	
ASM2292363v1	GCF_022923635.1	GCA_022923635.1	Helicobacter pylori	210		Hpfe060					GCF_022923635.1-RS_2025_04_28	Complete Genome	2022-04-12		1	
ASM222257v1	GCF_002222575.1	GCA_002222575.1	Helicobacter pylori	210		G272					GCF_002222575.1-RS_2026_02_16	Complete Genome	2017-07-20		2	
ASM2172948v1	GCF_021729485.1	GCA_021729485.1	Helicobacter pylori	210		AL02					GCF_021729485.1-RS_2025_03_15	Complete Genome	2022-01-31		1	
ASM3562115v1	GCF_035621155.1	GCA_035621155.1	Helicobacter pylori	210		P08204					GCF_035621155.1-RS_2026_01_14	Complete Genome	2024-01-14		2	
ASM2292229v1	GCF_022922295.1	GCA_022922295.1	Helicobacter pylori	210		Hpfe085					GCF_022922295.1-RS_2025_04_28	Complete Genome	2022-04-12		1	
ASM2292181v1	GCF_022921815.1	GCA_022921815.1	Helicobacter pylori	210		Hpfe104					GCF_022921815.1-RS_2025_04_28	Complete Genome	2022-04-12		1	
ASM2292277v1	GCF_022922775.1	GCA_022922775.1	Helicobacter pylori	210		Hpfe081					GCF_022922775.1-RS_2025_04_28	Complete Genome	2022-04-12		1	
ASM2292301v1	GCF_022923015.1	GCA_022923015.1	Helicobacter pylori	210		Hpfe076					GCF_022923015.1-RS_2025_04_28	Complete Genome	2022-04-12		1	
ASM2292391v1	GCF_022923915.1	GCA_022923915.1	Helicobacter pylori	210		Hpfe055					GCF_022923915.1-RS_2025_04_28	Complete Genome	2022-04-12		1	
ASM2292187v1	GCF_022921875.1	GCA_022921875.1	Helicobacter pylori	210		Hpfe101					GCF_022921875.1-RS_2025_04_28	Complete Genome	2022-04-12		1	
ASM2292175v1	GCF_022921755.1	GCA_022921755.1	Helicobacter pylori	210		Hpfe108					GCF_022921755.1-RS_2025_04_28	Complete Genome	2022-04-12		3	
Unicycler	GCF_041877095.1	GCA_041877095.1	Helicobacter pylori	210		BS04					GCF_041877095.1-RS_2024_09_10	Complete Genome	2024-09-11		2	
ASM165345v1	GCF_001653455.1	GCA_001653455.1	Helicobacter pylori	210		K26A1					GCF_001653455.1-RS_2025_07_16	Complete Genome	2016-05-27		1	
ASM2292457v1	GCF_022924575.1	GCA_022924575.1	Helicobacter pylori	210		Hpfe029					GCF_022924575.1-RS_2025_04_28	Complete Genome	2022-04-12		1	
ASM3449821v1	GCF_034498215.1	GCA_034498215.1	Helicobacter pylori	210		52N					GCF_034498215.1-RS_2025_08_19	Complete Genome	2023-12-20		1	
ASM3562131v1	GCF_035621315.1	GCA_035621315.1	Helicobacter pylori	210		P07353					GCF_035621315.1-RS_2026_01_14	Complete Genome	2024-01-14		1	
ASM2292351v1	GCF_022923515.1	GCA_022923515.1	Helicobacter pylori	210		Hpfe065					GCF_022923515.1-RS_2025_04_28	Complete Genome	2022-04-12		2	
ASM1675565v1	GCF_016755655.1	GCA_016755655.1	Helicobacter pylori	210		PUNO-002					GCF_016755655.1-RS_2025_04_21	Complete Genome	2021-01-25		1	
ASM2292327v1	GCF_022923275.1	GCA_022923275.1	Helicobacter pylori	210		Hpfe068					GCF_022923275.1-RS_2025_04_28	Complete Genome	2022-04-12		1	
ASM1145689v1	GCF_011456895.1	GCA_011456895.1	Helicobacter pylori	210		103C8					GCF_011456895.1-RS_2025_12_23	Complete Genome	2020-03-19		1	
ASM2292441v1	GCF_022924415.1	GCA_022924415.1	Helicobacter pylori	210		Hpfe040					GCF_022924415.1-RS_2025_04_28	Complete Genome	2022-04-12		1	
UHGG_MGYG-HGUT-01357	GCF_902381665.1	GCA_902381665.1	Helicobacter pylori	210					MGYG-HGUT-01357		GCF_902381665.1-RS_2026_02_13	Complete Genome	2019-08-10		1	
ASM2292557v1	GCF_022925575.1	GCA_022925575.1	Helicobacter pylori	210		Hpfe0016					GCF_022925575.1-RS_2025_04_28	Complete Genome	2022-04-12		1	
ASM2292590v1	GCF_022925905.1	GCA_022925905.1	Helicobacter pylori	210		Hpfe0003					GCF_022925905.1-RS_2025_04_28	Complete Genome	2022-04-12		1	
ASM385547v1	GCF_003855475.1	GCA_003855475.1	Helicobacter pylori	210		Hpbs1					GCF_003855475.1-RS_2025_04_09	Complete Genome	2018-12-02		1	
ASM1145781v1	GCF_011457815.1	GCA_011457815.1	Helicobacter pylori	210		81C9					GCF_011457815.1-RS_2025_12_22	Complete Genome	2020-03-19		1	
ASM1146303v1	GCF_011463035.1	GCA_011463035.1	Helicobacter pylori	210		12A3					GCF_011463035.1-RS_2025_12_23	Complete Genome	2020-03-19		1	
ASM1145735v1	GCF_011457355.1	GCA_011457355.1	Helicobacter pylori	210		87C7					GCF_011457355.1-RS_2025_12_22	Complete Genome	2020-03-19		1	
ASM1146291v1	GCF_011462915.1	GCA_011462915.1	Helicobacter pylori	210		12C8					GCF_011462915.1-RS_2025_12_23	Complete Genome	2020-03-19		1	
ASM1145801v1	GCF_011458015.1	GCA_011458015.1	Helicobacter pylori	210		81A1					GCF_011458015.1-RS_2025_12_22	Complete Genome	2020-03-19		1	
ASM1146273v1	GCF_011462735.1	GCA_011462735.1	Helicobacter pylori	210		29A2					GCF_011462735.1-RS_2025_12_23	Complete Genome	2020-03-19		1	
ASM1145647v1	GCF_011456475.1	GCA_011456475.1	Helicobacter pylori	210		119C10					GCF_011456475.1-RS_2025_12_23	Complete Genome	2020-03-19		1	
ASM1145627v1	GCF_011456275.1	GCA_011456275.1	Helicobacter pylori	210		H1					GCF_011456275.1-RS_2025_12_23	Complete Genome	2020-03-19		1	
ASM1145761v1	GCF_011457615.1	GCA_011457615.1	Helicobacter pylori	210		87A3					GCF_011457615.1-RS_2025_12_23	Complete Genome	2020-03-19		1	
ASM1145809v1	GCF_011458095.1	GCA_011458095.1	Helicobacter pylori	210		78C8					GCF_011458095.1-RS_2026_01_15	Complete Genome	2020-03-19		1	
ASM1146221v1	GCF_011462215.1	GCA_011462215.1	Helicobacter pylori	210		48C8					GCF_011462215.1-RS_2025_12_22	Complete Genome	2020-03-19		1	
ASM1146237v1	GCF_011462375.1	GCA_011462375.1	Helicobacter pylori	210		48A2					GCF_011462375.1-RS_2025_12_22	Complete Genome	2020-03-19		1	
ASM1145631v1	GCF_011456315.1	GCA_011456315.1	Helicobacter pylori	210		125A3					GCF_011456315.1-RS_2025_12_22	Complete Genome	2020-03-19		1	
ASM1145831v1	GCF_011458315.1	GCA_011458315.1	Helicobacter pylori	210		78A3					GCF_011458315.1-RS_2026_01_15	Complete Genome	2020-03-19		1	
ASM1146317v1	GCF_011463175.1	GCA_011463175.1	Helicobacter pylori	210		8A3					GCF_011463175.1-RS_2025_12_22	Complete Genome	2020-03-19		1	
ASM1145711v1	GCF_011457115.1	GCA_011457115.1	Helicobacter pylori	210		103A4					GCF_011457115.1-RS_2025_12_22	Complete Genome	2020-03-19		1	
ASM1146305v1	GCF_011463055.1	GCA_011463055.1	Helicobacter pylori	210		8C10					GCF_011463055.1-RS_2025_12_23	Complete Genome	2020-03-19		1	
ASM1145629v1	GCF_011456295.1	GCA_011456295.1	Helicobacter pylori	210		125C7					GCF_011456295.1-RS_2025_12_23	Complete Genome	2020-03-19		1	
ASM1145666v1	GCF_011456665.1	GCA_011456665.1	Helicobacter pylori	210		119A2					GCF_011456665.1-RS_2025_12_24	Complete Genome	2020-03-19		1	
ASM2292403v1	GCF_022924035.1	GCA_022924035.1	Helicobacter pylori	210		Hpfe054					GCF_022924035.1-RS_2025_04_28	Complete Genome	2022-04-12		1	
ASM2292291v1	GCF_022922915.1	GCA_022922915.1	Helicobacter pylori	210		Hpfe080					GCF_022922915.1-RS_2025_04_28	Complete Genome	2022-04-12		2	
ASM2292583v1	GCF_022925835.1	GCA_022925835.1	Helicobacter pylori	210		Hpfe0007					GCF_022925835.1-RS_2025_04_28	Complete Genome	2022-04-12		1	
ASM1146257v1	GCF_011462575.1	GCA_011462575.1	Helicobacter pylori	210		29C8					GCF_011462575.1-RS_2025_12_23	Complete Genome	2020-03-19		1	
ASM2292449v1	GCF_022924495.1	GCA_022924495.1	Helicobacter pylori	210		Hpfe036					GCF_022924495.1-RS_2025_04_28	Complete Genome	2022-04-12		1	
ASM2292195v1	GCF_022921955.1	GCA_022921955.1	Helicobacter pylori	210		Hpfe096					GCF_022921955.1-RS_2025_04_28	Complete Genome	2022-04-12		2	
ASM2292359v1	GCF_022923595.1	GCA_022923595.1	Helicobacter pylori	210		Hpfe062					GCF_022923595.1-RS_2025_04_28	Complete Genome	2022-04-12		1	
ASM2292587v1	GCF_022925875.1	GCA_022925875.1	Helicobacter pylori	210		Hpfe0004					GCF_022925875.1-RS_2025_04_28	Complete Genome	2022-04-12		1	
ASM2292427v1	GCF_022924275.1	GCA_022924275.1	Helicobacter pylori	210		Hpfe052					GCF_022924275.1-RS_2025_04_28	Complete Genome	2022-04-12		1	
ASM3562187v1	GCF_035621875.1	GCA_035621875.1	Helicobacter pylori	210		P07928					GCF_035621875.1-RS_2026_01_14	Complete Genome	2024-01-14		1	
ASM2292585v1	GCF_022925855.1	GCA_022925855.1	Helicobacter pylori	210		Hpfe0006					GCF_022925855.1-RS_2025_04_28	Complete Genome	2022-04-12		2	
ASM2292127v1	GCF_022921275.1	GCA_022921275.1	Helicobacter pylori	210		Hpfe122					GCF_022921275.1-RS_2025_04_28	Complete Genome	2022-04-12		2	
ASM2292465v1	GCF_022924655.1	GCA_022924655.1	Helicobacter pylori	210		Hpfe028					GCF_022924655.1-RS_2025_04_28	Complete Genome	2022-04-12		2	
ASM2292453v1	GCF_022924535.1	GCA_022924535.1	Helicobacter pylori	210		Hpfe033					GCF_022924535.1-RS_2025_04_28	Complete Genome	2022-04-12		1	
ASM2292567v1	GCF_022925675.1	GCA_022925675.1	Helicobacter pylori	210		Hpfe0015					GCF_022925675.1-RS_2025_04_28	Complete Genome	2022-04-12		2	
ASM2292205v1	GCF_022922055.1	GCA_022922055.1	Helicobacter pylori	210		Hpfe088					GCF_022922055.1-RS_2025_04_28	Complete Genome	2022-04-12		1	
ASM2292135v1	GCF_022921355.1	GCA_022921355.1	Helicobacter pylori	210		Hpfe114					GCF_022921355.1-RS_2025_04_28	Complete Genome	2022-04-12		1	
ASM2292189v1	GCF_022921895.1	GCA_022921895.1	Helicobacter pylori	210		Hpfe100					GCF_022921895.1-RS_2025_04_28	Complete Genome	2022-04-12		1	
ASM2292121v1	GCF_022921215.1	GCA_022921215.1	Helicobacter pylori	210		Hpfe125					GCF_022921215.1-RS_2025_04_28	Complete Genome	2022-04-12		2	
ASM2316978v1	GCF_023169785.1	GCA_023169785.1	Helicobacter pylori	210		JSHR6					GCF_023169785.1-RS_2025_05_14	Complete Genome	2022-04-08		1	
ASM2292123v1	GCF_022921235.1	GCA_022921235.1	Helicobacter pylori	210		Hpfe124					GCF_022921235.1-RS_2025_04_28	Complete Genome	2022-04-12		2	
ASM633923v1	GCF_006339235.1	GCA_006339235.1	Helicobacter pylori	210		25-A-EK1					GCF_006339235.1-RS_2025_04_21	Complete Genome	2019-06-13		1	
ASM633736v1	GCF_006337365.1	GCA_006337365.1	Helicobacter pylori	210		25-A-EK9					GCF_006337365.1-RS_2025_04_21	Complete Genome	2019-06-13		1	
ASM408815v1	GCF_004088155.1	GCA_004088155.1	Helicobacter pylori	210		Hpbs2					GCF_004088155.1-RS_2025_04_21	Complete Genome	2019-01-21		1	
ASM165347v1	GCF_001653475.1	GCA_001653475.1	Helicobacter pylori	210		PNG84A					GCF_001653475.1-RS_2026_01_27	Complete Genome	2016-05-27		1	
ASM408807v1	GCF_004088075.1	GCA_004088075.1	Helicobacter pylori	210		Hpbs3					GCF_004088075.1-RS_2025_04_21	Complete Genome	2019-01-21		1	
ASM165343v1	GCF_001653435.1	GCA_001653435.1	Helicobacter pylori	210		ausabrJ05					GCF_001653435.1-RS_2026_01_27	Complete Genome	2016-05-27		1	
ASM30779v1	GCF_000307795.1	GCA_000307795.1	Helicobacter pylori 26695	85962		26695					GCF_000307795.1-RS_2026_01_11	Complete Genome	2012-10-23		1	
ASM200552v1	GCF_002005525.1	GCA_002005525.1	Helicobacter pylori SS1	102617		SS1					GCF_002005525.1-RS_2026_03_05	Complete Genome	2017-02-22		2	
ASM2116v1	GCF_000021165.1	GCA_000021165.1	Helicobacter pylori G27	563041		G27					GCF_000021165.1-RS_2025_04_15	Complete Genome	2008-10-03		2	
ASM98269v1	GCF_000982695.1	GCA_000982695.1	Helicobacter pylori J99	85963		J99					GCF_000982695.1-RS_2025_04_09	Complete Genome	2015-04-30		1	
ASM878v1	GCF_000008785.1	GCA_000008785.1	Helicobacter pylori J99	85963		J99					GCF_000008785.1-RS_2025_04_23	Complete Genome	2001-09-13		1	
ASM199109v1	GCF_001991095.1	GCA_001991095.1	Helicobacter pylori PMSS1	1431450		PMSS1					GCF_001991095.1-RS_2025_08_25	Complete Genome	2017-02-10		2	
ASM39251v3	GCF_000392515.3	GCA_000392515.3	Helicobacter pylori UM037	1321939		UM037					GCF_000392515.3-RS_2026_01_14	Complete Genome	2014-09-22		1	
ASM82698v1	GCF_000826985.1	GCA_000826985.1	Helicobacter pylori 26695-1	1391726		26695-1					GCF_000826985.1-RS_2025_04_15	Complete Genome	2015-01-21		1	
ASM82909v1	GCF_000829095.1	GCA_000829095.1	Helicobacter pylori 26695-1	1391726		26695-1					GCF_000829095.1-RS_2026_02_11	Complete Genome	2013-10-01		1	
ASM39253v3	GCF_000392535.3	GCA_000392535.3	Helicobacter pylori UM066	1321940		UM066					GCF_000392535.3-RS_2025_07_15	Complete Genome	2014-09-22		1	
ASM27006v1	GCF_000270065.1	GCA_000270065.1	Helicobacter pylori F57	866346		F57					GCF_000270065.1-RS_2026_02_16	Complete Genome	2011-01-07		1	
ASM18520v1	GCF_000185205.1	GCA_000185205.1	Helicobacter pylori Gambia94/24	907240		Gambia94/24					GCF_000185205.1-RS_2026_01_23	Complete Genome	2011-01-06		2	
ASM82895v1	GCF_000828955.1	GCA_000828955.1	Helicobacter pylori NY40	1426844		NY40					GCF_000828955.1-RS_2026_02_11	Complete Genome	2014-06-06		1	
ASM18518v1	GCF_000185185.1	GCA_000185185.1	Helicobacter pylori India7	907238		India7					GCF_000185185.1-RS_2026_01_23	Complete Genome	2011-01-06		1	
ASM784407v1	GCF_007844075.1	GCA_007844075.1	Helicobacter pylori B128	544406		B128					GCF_007844075.1-RS_2025_04_16	Complete Genome	2019-08-05		1	
ASM19675v1	GCF_000196755.1	GCA_000196755.1	Helicobacter pylori B8	693745		B8					GCF_000196755.1-RS_2026_02_10	Complete Genome	2010-06-15		2	
ASM30783v1	GCF_000307835.1	GCA_000307835.1	Helicobacter pylori Rif2	1234600		Rif2					GCF_000307835.1-RS_2026_02_02	Complete Genome	2012-10-23		1	
ASM30781v1	GCF_000307815.1	GCA_000307815.1	Helicobacter pylori Rif1	1234365		Rif1					GCF_000307815.1-RS_2026_01_27	Complete Genome	2012-10-23		1	
ASM82913v1	GCF_000829135.1	GCA_000829135.1	Helicobacter pylori 26695-1CH	1391728		26695-1CH					GCF_000829135.1-RS_2026_02_11	Complete Genome	2013-10-01		1	
ASM82911v1	GCF_000829115.1	GCA_000829115.1	Helicobacter pylori 26695-1CL	1391727		26695-1CL					GCF_000829115.1-RS_2026_02_11	Complete Genome	2013-10-01		1	
ASM27736v1	GCF_000277365.1	GCA_000277365.1	Helicobacter pylori Shi417	1163739		Shi417					GCF_000277365.1-RS_2026_01_10	Complete Genome	2012-04-19		1	
ASM25595v1	GCF_000255955.1	GCA_000255955.1	Helicobacter pylori ELS37	1055527		ELS37					GCF_000255955.1-RS_2026_01_15	Complete Genome	2012-03-23		2	
ASM27740v1	GCF_000277405.1	GCA_000277405.1	Helicobacter pylori Shi112	1163740		Shi112					GCF_000277405.1-RS_2026_01_10	Complete Genome	2012-04-19		1	
ASM33383v2	GCF_000333835.2	GCA_000333835.2	Helicobacter pylori A45	1231719		A45					GCF_000333835.2-RS_2025_07_16	Complete Genome	2020-05-18		2	
ASM27742v1	GCF_000277425.1	GCA_000277425.1	Helicobacter pylori PeCan18	1163742		PeCan18					GCF_000277425.1-RS_2026_01_10	Complete Genome	2012-04-19		1	
ASM49833v1	GCF_000498335.1	GCA_000498335.1	Helicobacter pylori BM012S	1407463		BM012S					GCF_000498335.1-RS_2026_02_24	Complete Genome	2013-11-22		1	
ASM49831v1	GCF_000498315.1	GCA_000498315.1	Helicobacter pylori BM012A	1407462		BM012A					GCF_000498315.1-RS_2024_12_11	Complete Genome	2013-11-22		1	
ASM14885v1	GCF_000148855.1	GCA_000148855.1	Helicobacter pylori SJM180	765962		SJM180					GCF_000148855.1-RS_2026_01_10	Complete Genome	2010-10-01		1	
ASM18524v1	GCF_000185245.1	GCA_000185245.1	Helicobacter pylori SouthAfrica7	907239		SouthAfrica7					GCF_000185245.1-RS_2026_01_15	Complete Genome	2011-01-06		2	
ASM68562v1	GCF_000685625.1	GCA_000685625.1	Helicobacter pylori J166	102611		J166					GCF_000685625.1-RS_2025_03_24	Complete Genome	2014-05-08		1	
ASM22455v1	GCF_000224555.1	GCA_000224555.1	Helicobacter pylori Puno135	1055529		Puno135					GCF_000224555.1-RS_2026_01_10	Complete Genome	2011-08-26		1	
ASM60008v1	GCF_000600085.1	GCA_000600085.1	Helicobacter pylori oki112	1382921		oki112					GCF_000600085.1-RS_2026_01_24	Complete Genome	2014-03-25		1	
ASM14889v1	GCF_000148895.1	GCA_000148895.1	Helicobacter pylori Cuz20	765964		Cuz20					GCF_000148895.1-RS_2026_01_10	Complete Genome	2010-10-01		1	
ASM60022v1	GCF_000600225.1	GCA_000600225.1	Helicobacter pylori oki898	1382927		oki898					GCF_000600225.1-RS_2026_01_24	Complete Genome	2014-03-25		1	
ASM60016v1	GCF_000600165.1	GCA_000600165.1	Helicobacter pylori oki422	1382924		oki422					GCF_000600165.1-RS_2026_01_24	Complete Genome	2014-03-25		1	
ASM60004v1	GCF_000600045.1	GCA_000600045.1	Helicobacter pylori oki102	1382920		oki102					GCF_000600045.1-RS_2026_01_24	Complete Genome	2014-03-25		1	
ASM14887v1	GCF_000148875.1	GCA_000148875.1	Helicobacter pylori PeCan4	765963		PeCan4					GCF_000148875.1-RS_2026_01_10	Complete Genome	2010-10-01		2	
ASM22453v1	GCF_000224535.1	GCA_000224535.1	Helicobacter pylori Puno120	1055528		Puno120					GCF_000224535.1-RS_2026_01_15	Complete Genome	2011-08-26		2	
ASM18522v1	GCF_000185225.1	GCA_000185225.1	Helicobacter pylori Lithuania75	907237		Lithuania75					GCF_000185225.1-RS_2026_01_23	Complete Genome	2011-01-06		2	
ASM21313v1	GCF_000213135.1	GCA_000213135.1	Helicobacter pylori 83	585538		83					GCF_000213135.1-RS_2026_01_10	Complete Genome	2011-05-11		1	
ASM27738v1	GCF_000277385.1	GCA_000277385.1	Helicobacter pylori Shi169	1163741		Shi169					GCF_000277385.1-RS_2026_01_10	Complete Genome	2012-04-19		1	
ASM34886v1	GCF_000348865.1	GCA_000348865.1	Helicobacter pylori OK113	1248725		OK113					GCF_000348865.1-RS_2026_02_16	Complete Genome	2013-03-11		1	
ASM31595v1	GCF_000315955.1	GCA_000315955.1	Helicobacter pylori Aklavik117	1055531		Aklavik117					GCF_000315955.1-RS_2026_01_23	Complete Genome	2012-11-26		3	
ASM2024v1	GCF_000020245.1	GCA_000020245.1	Helicobacter pylori Shi470	512562		Shi470					GCF_000020245.1-RS_2026_01_15	Complete Genome	2008-06-09		1	
ASM22457v1	GCF_000224575.1	GCA_000224575.1	Helicobacter pylori SNT49	1055530		Santal49					GCF_000224575.1-RS_2026_01_10	Complete Genome	2011-08-26		2	
ASM60020v1	GCF_000600205.1	GCA_000600205.1	Helicobacter pylori oki828	1382926		oki828					GCF_000600205.1-RS_2026_01_24	Complete Genome	2014-03-25		1	
ASM60014v1	GCF_000600145.1	GCA_000600145.1	Helicobacter pylori oki154	1382923		oki154					GCF_000600145.1-RS_2026_01_24	Complete Genome	2014-03-25		1	
ASM25923v1	GCF_000259235.1	GCA_000259235.1	Helicobacter pylori HUP-B14	1163743		HUP-B14					GCF_000259235.1-RS_2026_01_10	Complete Genome	2012-04-19		2	
ASM1324v1	GCF_000013245.1	GCA_000013245.1	Helicobacter pylori HPAG1	357544		HPAG1					GCF_000013245.1-RS_2025_04_15	Complete Genome	2006-06-07		2	
ASM60018v1	GCF_000600185.1	GCA_000600185.1	Helicobacter pylori oki673	1382925		oki673					GCF_000600185.1-RS_2026_01_24	Complete Genome	2014-03-25		1	
ASM39247v3	GCF_000392475.3	GCA_000392475.3	Helicobacter pylori UM299	1321938		UM299					GCF_000392475.3-RS_2025_12_16	Complete Genome	2014-09-15		1	
ASM43929v2	GCF_000439295.2	GCA_000439295.2	Helicobacter pylori UM298	1321941		UM298					GCF_000439295.2-RS_2025_04_04	Complete Genome	2014-09-19		1	
ASM39245v3	GCF_000392455.3	GCA_000392455.3	Helicobacter pylori UM032	1311573		UM032					GCF_000392455.3-RS_2025_12_16	Complete Genome	2014-09-15		1	
ASM34888v1	GCF_000348885.1	GCA_000348885.1	Helicobacter pylori OK310	1248726		OK310					GCF_000348885.1-RS_2026_02_11	Complete Genome	2013-03-11		2	
ASM1172v1	GCF_000011725.1	GCA_000011725.1	Helicobacter pylori 51	290847		51					GCF_000011725.1-RS_2025_01_10	Complete Genome	2012-05-16		1	
ASM9318v1	GCF_000093185.1	GCA_000093185.1	Helicobacter pylori v225d	637913		v225d					GCF_000093185.1-RS_2025_03_27	Complete Genome	2010-06-03		2	
ASM27004v1	GCF_000270045.1	GCA_000270045.1	Helicobacter pylori F32	102608		F32					GCF_000270045.1-RS_2026_02_16	Complete Genome	2011-01-07		2	
ASM9134v1	GCF_000091345.1	GCA_000091345.1	Helicobacter pylori B38	592205		B38					GCF_000091345.1-RS_2026_02_10	Complete Genome	2009-07-15		1	
ASM27000v1	GCF_000270005.1	GCA_000270005.1	Helicobacter pylori F16	866344		F16					GCF_000270005.1-RS_2026_02_10	Complete Genome	2011-01-07		1	
ASM27002v1	GCF_000270025.1	GCA_000270025.1	Helicobacter pylori F30	866345		F30					GCF_000270025.1-RS_2026_02_10	Complete Genome	2011-01-07		2	
ASM2380v1	GCF_000023805.1	GCA_000023805.1	Helicobacter pylori 52	684950		52					GCF_000023805.1-RS_2026_01_10	Complete Genome	2009-10-21		1	
ASM17893v2	GCF_000178935.2	GCA_000178935.2	Helicobacter pylori 35A	585535		35A					GCF_000178935.2-RS_2026_01_15	Complete Genome	2010-12-29		1	
ASM19233v1	GCF_000192335.1	GCA_000192335.1	Helicobacter pylori 2018	985080		2018					GCF_000192335.1-RS_2026_02_02	Complete Genome	2011-03-15		1	
ASM14891v1	GCF_000148915.1	GCA_000148915.1	Helicobacter pylori Sat464	794851		Sat464					GCF_000148915.1-RS_2026_01_10	Complete Genome	2010-10-01		2	
ASM60012v1	GCF_000600125.1	GCA_000600125.1	Helicobacter pylori oki128	1382922		oki128					GCF_000600125.1-RS_2026_01_24	Complete Genome	2014-03-25		1	
ASM19231v1	GCF_000192315.1	GCA_000192315.1	Helicobacter pylori 2017	985081		2017					GCF_000192315.1-RS_2025_09_04	Complete Genome	2011-03-15		1	
ASM31787v1	GCF_000317875.1	GCA_000317875.1	Helicobacter pylori Aklavik86	1055532		Aklavik86					GCF_000317875.1-RS_2026_01_23	Complete Genome	2012-11-26		3	
